<?xml version="1.0" encoding="UTF-8"?>
<export version="D">
  <design>
    <source>D:\OneDrive\Documents\3_DesignTeams\masa\ethernet-board\board\future-controller.sch</source>
    <date>9/5/2021 5:44:51 PM</date>
    <tool>Eeschema (5.1.7)-1</tool>
    <sheet number="1" name="/" tstamps="/">
      <title_block>
        <title>Ethernet Test Board</title>
        <company>Alex Davenport</company>
        <rev>A</rev>
        <date>2021-07-18</date>
        <source>future-controller.sch</source>
        <comment number="1" value=""/>
        <comment number="2" value=""/>
        <comment number="3" value=""/>
        <comment number="4" value=""/>
      </title_block>
    </sheet>
  </design>
  <components>
    <comp ref="C6">
      <value>10uF</value>
      <footprint>Capacitor_SMD:C_0603_1608Metric</footprint>
      <datasheet>~</datasheet>
      <libsource lib="Device" part="C" description="Unpolarized capacitor"/>
      <sheetpath names="/" tstamps="/"/>
      <tstamp>60F709C4</tstamp>
    </comp>
    <comp ref="R7">
      <value>10k</value>
      <footprint>Resistor_SMD:R_0603_1608Metric</footprint>
      <datasheet>~</datasheet>
      <libsource lib="Device" part="R" description="Resistor"/>
      <sheetpath names="/" tstamps="/"/>
      <tstamp>60F70EE7</tstamp>
    </comp>
    <comp ref="SW1">
      <value>SW_SPST</value>
      <footprint>davenport_kicad_footprints:SKQGADE010</footprint>
      <datasheet>~</datasheet>
      <libsource lib="Switch" part="SW_SPST" description="Single Pole Single Throw (SPST) switch"/>
      <sheetpath names="/" tstamps="/"/>
      <tstamp>60F71B8A</tstamp>
    </comp>
    <comp ref="U1">
      <value>TL1963A-33DCYR</value>
      <footprint>Package_TO_SOT_SMD:SOT-223</footprint>
      <libsource lib="future-controller-rescue" part="TL1963A-33DCYR-engine_controller_series3-rescue-engine_controller_series3-rescue-flight_ec-rescue" description=""/>
      <sheetpath names="/" tstamps="/"/>
      <tstamp>5972DA06</tstamp>
    </comp>
    <comp ref="C2">
      <value>10uF</value>
      <footprint>Capacitor_SMD:C_1206_3216Metric</footprint>
      <libsource lib="Device" part="C" description="Unpolarized capacitor"/>
      <sheetpath names="/" tstamps="/"/>
      <tstamp>5972DEDA</tstamp>
    </comp>
    <comp ref="C1">
      <value>10uF</value>
      <footprint>Capacitor_SMD:C_1206_3216Metric</footprint>
      <libsource lib="Device" part="C" description="Unpolarized capacitor"/>
      <sheetpath names="/" tstamps="/"/>
      <tstamp>5972DF62</tstamp>
    </comp>
    <comp ref="D6">
      <value>LED</value>
      <footprint>LED_SMD:LED_0603_1608Metric</footprint>
      <libsource lib="Device" part="LED" description="Light emitting diode"/>
      <sheetpath names="/" tstamps="/"/>
      <tstamp>6085180D</tstamp>
    </comp>
    <comp ref="R6">
      <value>1k</value>
      <footprint>Resistor_SMD:R_0603_1608Metric</footprint>
      <libsource lib="Device" part="R" description="Resistor"/>
      <sheetpath names="/" tstamps="/"/>
      <tstamp>60851819</tstamp>
    </comp>
    <comp ref="R4">
      <value>10k</value>
      <footprint>Resistor_SMD:R_0603_1608Metric</footprint>
      <libsource lib="Device" part="R" description="Resistor"/>
      <sheetpath names="/" tstamps="/"/>
      <tstamp>6085184A</tstamp>
    </comp>
    <comp ref="D4">
      <value>LED</value>
      <footprint>LED_SMD:LED_0603_1608Metric</footprint>
      <libsource lib="Device" part="LED" description="Light emitting diode"/>
      <sheetpath names="/" tstamps="/"/>
      <tstamp>60851850</tstamp>
    </comp>
    <comp ref="MH2">
      <value>MountingHole</value>
      <footprint>MountingHole:MountingHole_3.2mm_M3_Pad</footprint>
      <libsource lib="future-controller-rescue" part="MountingHole-engine_controller_series3-rescue-engine_controller_series3-rescue-flight_ec-rescue" description=""/>
      <sheetpath names="/" tstamps="/"/>
      <tstamp>60C860BD</tstamp>
    </comp>
    <comp ref="MH3">
      <value>MountingHole</value>
      <footprint>MountingHole:MountingHole_3.2mm_M3_Pad</footprint>
      <libsource lib="future-controller-rescue" part="MountingHole-engine_controller_series3-rescue-engine_controller_series3-rescue-flight_ec-rescue" description=""/>
      <sheetpath names="/" tstamps="/"/>
      <tstamp>60C860C3</tstamp>
    </comp>
    <comp ref="MH4">
      <value>MountingHole</value>
      <footprint>MountingHole:MountingHole_3.2mm_M3_Pad</footprint>
      <libsource lib="future-controller-rescue" part="MountingHole-engine_controller_series3-rescue-engine_controller_series3-rescue-flight_ec-rescue" description=""/>
      <sheetpath names="/" tstamps="/"/>
      <tstamp>60C860C9</tstamp>
    </comp>
    <comp ref="MH1">
      <value>MountingHole</value>
      <footprint>MountingHole:MountingHole_3.2mm_M3_Pad</footprint>
      <libsource lib="future-controller-rescue" part="MountingHole-engine_controller_series3-rescue-engine_controller_series3-rescue-flight_ec-rescue" description=""/>
      <sheetpath names="/" tstamps="/"/>
      <tstamp>60C860E7</tstamp>
    </comp>
    <comp ref="U2">
      <value>STM32F427VGTx</value>
      <footprint>Package_QFP:LQFP-100_14x14mm_P0.5mm</footprint>
      <datasheet>http://www.st.com/st-web-ui/static/active/en/resource/technical/document/datasheet/DM00071990.pdf</datasheet>
      <libsource lib="MCU_ST_STM32F4" part="STM32F427VGTx" description="ARM Cortex-M4 MCU, 1024KB flash, 192KB RAM, 180MHz, 1.8-3.6V, 82 GPIO, LQFP-100"/>
      <sheetpath names="/" tstamps="/"/>
      <tstamp>60F4DECA</tstamp>
    </comp>
    <comp ref="J2">
      <value>RJ45_Amphenol_RJMG1BD3B8K1ANR</value>
      <footprint>davenport_kicad_footprints:RJ45_Amphenol_RJMG1BD3B8K1ANR_modified</footprint>
      <datasheet>https://www.amphenolcanada.com/ProductSearch/Drawings/AC/RJMG1BD3B8K1ANR.PDF</datasheet>
      <libsource lib="Connector" part="RJ45_Amphenol_RJMG1BD3B8K1ANR" description="1 Port RJ45 Magjack Connector Through Hole 10/100 Base-T, AutoMDIX"/>
      <sheetpath names="/" tstamps="/"/>
      <tstamp>6109E54A</tstamp>
    </comp>
    <comp ref="U3">
      <value>LAN8742A</value>
      <footprint>Package_DFN_QFN:QFN-24-1EP_4x4mm_P0.5mm_EP2.6x2.6mm</footprint>
      <libsource lib="davenport-kicad" part="LAN8742A" description=""/>
      <sheetpath names="/" tstamps="/"/>
      <tstamp>6109E550</tstamp>
    </comp>
    <comp ref="FB1">
      <value>FB</value>
      <footprint>Capacitor_SMD:C_0603_1608Metric</footprint>
      <datasheet>~</datasheet>
      <libsource lib="Device" part="Ferrite_Bead_Small" description="Ferrite bead, small symbol"/>
      <sheetpath names="/" tstamps="/"/>
      <tstamp>6109E55D</tstamp>
    </comp>
    <comp ref="R9">
      <value>49.9</value>
      <footprint>Resistor_SMD:R_0603_1608Metric</footprint>
      <datasheet>~</datasheet>
      <libsource lib="Device" part="R" description="Resistor"/>
      <sheetpath names="/" tstamps="/"/>
      <tstamp>6109E56F</tstamp>
    </comp>
    <comp ref="R11">
      <value>49.9</value>
      <footprint>Resistor_SMD:R_0603_1608Metric</footprint>
      <datasheet>~</datasheet>
      <libsource lib="Device" part="R" description="Resistor"/>
      <sheetpath names="/" tstamps="/"/>
      <tstamp>6109E577</tstamp>
    </comp>
    <comp ref="R10">
      <value>49.9</value>
      <footprint>Resistor_SMD:R_0603_1608Metric</footprint>
      <datasheet>~</datasheet>
      <libsource lib="Device" part="R" description="Resistor"/>
      <sheetpath names="/" tstamps="/"/>
      <tstamp>6109E57E</tstamp>
    </comp>
    <comp ref="R12">
      <value>49.9</value>
      <footprint>Resistor_SMD:R_0603_1608Metric</footprint>
      <datasheet>~</datasheet>
      <libsource lib="Device" part="R" description="Resistor"/>
      <sheetpath names="/" tstamps="/"/>
      <tstamp>6109E585</tstamp>
    </comp>
    <comp ref="C14">
      <value>0.022uF</value>
      <footprint>Capacitor_SMD:C_0603_1608Metric</footprint>
      <datasheet>~</datasheet>
      <libsource lib="Device" part="C" description="Unpolarized capacitor"/>
      <sheetpath names="/" tstamps="/"/>
      <tstamp>6109E59A</tstamp>
    </comp>
    <comp ref="C12">
      <value>10pF</value>
      <footprint>Capacitor_SMD:C_0402_1005Metric</footprint>
      <datasheet>~</datasheet>
      <libsource lib="Device" part="C" description="Unpolarized capacitor"/>
      <sheetpath names="/" tstamps="/"/>
      <tstamp>6109E5A7</tstamp>
    </comp>
    <comp ref="C13">
      <value>10pF</value>
      <footprint>Capacitor_SMD:C_0402_1005Metric</footprint>
      <datasheet>~</datasheet>
      <libsource lib="Device" part="C" description="Unpolarized capacitor"/>
      <sheetpath names="/" tstamps="/"/>
      <tstamp>6109E5AD</tstamp>
    </comp>
    <comp ref="C15">
      <value>10pF</value>
      <footprint>Capacitor_SMD:C_0402_1005Metric</footprint>
      <datasheet>~</datasheet>
      <libsource lib="Device" part="C" description="Unpolarized capacitor"/>
      <sheetpath names="/" tstamps="/"/>
      <tstamp>6109E5B5</tstamp>
    </comp>
    <comp ref="C16">
      <value>10pF</value>
      <footprint>Capacitor_SMD:C_0402_1005Metric</footprint>
      <datasheet>~</datasheet>
      <libsource lib="Device" part="C" description="Unpolarized capacitor"/>
      <sheetpath names="/" tstamps="/"/>
      <tstamp>6109E5BB</tstamp>
    </comp>
    <comp ref="C8">
      <value>100nF</value>
      <footprint>Capacitor_SMD:C_0603_1608Metric</footprint>
      <datasheet>~</datasheet>
      <libsource lib="Device" part="C" description="Unpolarized capacitor"/>
      <sheetpath names="/" tstamps="/"/>
      <tstamp>6109E5CF</tstamp>
    </comp>
    <comp ref="C9">
      <value>100nF</value>
      <footprint>Capacitor_SMD:C_0603_1608Metric</footprint>
      <datasheet>~</datasheet>
      <libsource lib="Device" part="C" description="Unpolarized capacitor"/>
      <sheetpath names="/" tstamps="/"/>
      <tstamp>6109E5D7</tstamp>
    </comp>
    <comp ref="C10">
      <value>4.7uF</value>
      <footprint>Capacitor_SMD:C_0603_1608Metric</footprint>
      <datasheet>~</datasheet>
      <libsource lib="Device" part="C" description="Unpolarized capacitor"/>
      <sheetpath names="/" tstamps="/"/>
      <tstamp>6109E5DF</tstamp>
    </comp>
    <comp ref="C7">
      <value>100nF</value>
      <footprint>Capacitor_SMD:C_0603_1608Metric</footprint>
      <datasheet>~</datasheet>
      <libsource lib="Device" part="C" description="Unpolarized capacitor"/>
      <sheetpath names="/" tstamps="/"/>
      <tstamp>6109E5E7</tstamp>
    </comp>
    <comp ref="R23">
      <value>12k1</value>
      <footprint>Resistor_SMD:R_0603_1608Metric</footprint>
      <datasheet>~</datasheet>
      <libsource lib="Device" part="R" description="Resistor"/>
      <sheetpath names="/" tstamps="/"/>
      <tstamp>6109E619</tstamp>
    </comp>
    <comp ref="R13">
      <value>1k5</value>
      <footprint>Resistor_SMD:R_0603_1608Metric</footprint>
      <datasheet>~</datasheet>
      <libsource lib="Device" part="R" description="Resistor"/>
      <sheetpath names="/" tstamps="/"/>
      <tstamp>6109E62D</tstamp>
    </comp>
    <comp ref="C17">
      <value>1uF</value>
      <footprint>Capacitor_SMD:C_0603_1608Metric</footprint>
      <datasheet>~</datasheet>
      <libsource lib="Device" part="C" description="Unpolarized capacitor"/>
      <sheetpath names="/" tstamps="/"/>
      <tstamp>6109E66F</tstamp>
    </comp>
    <comp ref="C18">
      <value>470pF</value>
      <footprint>Capacitor_SMD:C_0603_1608Metric</footprint>
      <datasheet>~</datasheet>
      <libsource lib="Device" part="C" description="Unpolarized capacitor"/>
      <sheetpath names="/" tstamps="/"/>
      <tstamp>6109E675</tstamp>
    </comp>
    <comp ref="R24">
      <value>10k</value>
      <footprint>Resistor_SMD:R_0603_1608Metric</footprint>
      <datasheet>~</datasheet>
      <libsource lib="Device" part="R" description="Resistor"/>
      <sheetpath names="/" tstamps="/"/>
      <tstamp>6109E691</tstamp>
    </comp>
    <comp ref="R20">
      <value>10k</value>
      <footprint>Resistor_SMD:R_0603_1608Metric</footprint>
      <datasheet>~</datasheet>
      <libsource lib="Device" part="R" description="Resistor"/>
      <sheetpath names="/" tstamps="/"/>
      <tstamp>6109E6A7</tstamp>
    </comp>
    <comp ref="R21">
      <value>270</value>
      <footprint>Resistor_SMD:R_0603_1608Metric</footprint>
      <datasheet>~</datasheet>
      <libsource lib="Device" part="R" description="Resistor"/>
      <sheetpath names="/" tstamps="/"/>
      <tstamp>6109E6BC</tstamp>
    </comp>
    <comp ref="R22">
      <value>270</value>
      <footprint>Resistor_SMD:R_0603_1608Metric</footprint>
      <datasheet>~</datasheet>
      <libsource lib="Device" part="R" description="Resistor"/>
      <sheetpath names="/" tstamps="/"/>
      <tstamp>6109E6C9</tstamp>
    </comp>
    <comp ref="R14">
      <value>33</value>
      <footprint>Resistor_SMD:R_0603_1608Metric</footprint>
      <datasheet>~</datasheet>
      <libsource lib="Device" part="R" description="Resistor"/>
      <sheetpath names="/" tstamps="/"/>
      <tstamp>6109E6E2</tstamp>
    </comp>
    <comp ref="R15">
      <value>33</value>
      <footprint>Resistor_SMD:R_0603_1608Metric</footprint>
      <datasheet>~</datasheet>
      <libsource lib="Device" part="R" description="Resistor"/>
      <sheetpath names="/" tstamps="/"/>
      <tstamp>6109E6E8</tstamp>
    </comp>
    <comp ref="R16">
      <value>33</value>
      <footprint>Resistor_SMD:R_0603_1608Metric</footprint>
      <datasheet>~</datasheet>
      <libsource lib="Device" part="R" description="Resistor"/>
      <sheetpath names="/" tstamps="/"/>
      <tstamp>6109E6EE</tstamp>
    </comp>
    <comp ref="R19">
      <value>33</value>
      <footprint>Resistor_SMD:R_0603_1608Metric</footprint>
      <datasheet>~</datasheet>
      <libsource lib="Device" part="R" description="Resistor"/>
      <sheetpath names="/" tstamps="/"/>
      <tstamp>6109E6F4</tstamp>
    </comp>
    <comp ref="R18">
      <value>33</value>
      <footprint>Resistor_SMD:R_0603_1608Metric</footprint>
      <datasheet>~</datasheet>
      <libsource lib="Device" part="R" description="Resistor"/>
      <sheetpath names="/" tstamps="/"/>
      <tstamp>6109E6FA</tstamp>
    </comp>
    <comp ref="R17">
      <value>33</value>
      <footprint>Resistor_SMD:R_0603_1608Metric</footprint>
      <datasheet>~</datasheet>
      <libsource lib="Device" part="R" description="Resistor"/>
      <sheetpath names="/" tstamps="/"/>
      <tstamp>6109E700</tstamp>
    </comp>
    <comp ref="C28">
      <value>100nf</value>
      <footprint>Capacitor_SMD:C_0603_1608Metric</footprint>
      <datasheet>~</datasheet>
      <libsource lib="Device" part="C" description="Unpolarized capacitor"/>
      <sheetpath names="/" tstamps="/"/>
      <tstamp>6109E70D</tstamp>
    </comp>
    <comp ref="C29">
      <value>10uF</value>
      <footprint>Capacitor_SMD:C_0603_1608Metric</footprint>
      <datasheet>~</datasheet>
      <libsource lib="Device" part="C" description="Unpolarized capacitor"/>
      <sheetpath names="/" tstamps="/"/>
      <tstamp>6109E714</tstamp>
    </comp>
    <comp ref="C30">
      <value>10uF</value>
      <footprint>Capacitor_SMD:C_0603_1608Metric</footprint>
      <datasheet>~</datasheet>
      <libsource lib="Device" part="C" description="Unpolarized capacitor"/>
      <sheetpath names="/" tstamps="/"/>
      <tstamp>6109E71C</tstamp>
    </comp>
    <comp ref="C11">
      <value>100nF</value>
      <footprint>Capacitor_SMD:C_0603_1608Metric</footprint>
      <libsource lib="Device" part="C" description="Unpolarized capacitor"/>
      <sheetpath names="/" tstamps="/"/>
      <tstamp>610FA4D2</tstamp>
    </comp>
    <comp ref="R8">
      <value>10k</value>
      <footprint>Resistor_SMD:R_0603_1608Metric</footprint>
      <libsource lib="Device" part="R" description="Resistor"/>
      <sheetpath names="/" tstamps="/"/>
      <tstamp>610FA4E8</tstamp>
    </comp>
    <comp ref="J3">
      <value>Debug Header</value>
      <footprint>Connector_PinHeader_2.54mm:PinHeader_2x03_P2.54mm_Vertical</footprint>
      <libsource lib="Connector_Generic" part="Conn_02x03_Counter_Clockwise" description="Generic connector, double row, 02x03, counter clockwise pin numbering scheme (similar to DIP packge numbering), script generated (kicad-library-utils/schlib/autogen/connector/)"/>
      <sheetpath names="/" tstamps="/"/>
      <tstamp>610FA4F7</tstamp>
    </comp>
    <comp ref="R1">
      <value>220</value>
      <footprint>Resistor_SMD:R_0603_1608Metric</footprint>
      <libsource lib="Device" part="R" description="Resistor"/>
      <sheetpath names="/" tstamps="/"/>
      <tstamp>610FA4FF</tstamp>
    </comp>
    <comp ref="D1">
      <value>LED</value>
      <footprint>LED_SMD:LED_0603_1608Metric</footprint>
      <libsource lib="Device" part="LED" description="Light emitting diode"/>
      <sheetpath names="/" tstamps="/"/>
      <tstamp>610FA505</tstamp>
    </comp>
    <comp ref="R2">
      <value>220</value>
      <footprint>Resistor_SMD:R_0603_1608Metric</footprint>
      <libsource lib="Device" part="R" description="Resistor"/>
      <sheetpath names="/" tstamps="/"/>
      <tstamp>610FA50C</tstamp>
    </comp>
    <comp ref="D2">
      <value>LED</value>
      <footprint>LED_SMD:LED_0603_1608Metric</footprint>
      <libsource lib="Device" part="LED" description="Light emitting diode"/>
      <sheetpath names="/" tstamps="/"/>
      <tstamp>610FA512</tstamp>
    </comp>
    <comp ref="R3">
      <value>220</value>
      <footprint>Resistor_SMD:R_0603_1608Metric</footprint>
      <libsource lib="Device" part="R" description="Resistor"/>
      <sheetpath names="/" tstamps="/"/>
      <tstamp>610FA519</tstamp>
    </comp>
    <comp ref="D3">
      <value>LED</value>
      <footprint>LED_SMD:LED_0603_1608Metric</footprint>
      <libsource lib="Device" part="LED" description="Light emitting diode"/>
      <sheetpath names="/" tstamps="/"/>
      <tstamp>610FA51F</tstamp>
    </comp>
    <comp ref="R5">
      <value>220</value>
      <footprint>Resistor_SMD:R_0603_1608Metric</footprint>
      <libsource lib="Device" part="R" description="Resistor"/>
      <sheetpath names="/" tstamps="/"/>
      <tstamp>610FA527</tstamp>
    </comp>
    <comp ref="D5">
      <value>LED</value>
      <footprint>LED_SMD:LED_0603_1608Metric</footprint>
      <libsource lib="Device" part="LED" description="Light emitting diode"/>
      <sheetpath names="/" tstamps="/"/>
      <tstamp>610FA52D</tstamp>
    </comp>
    <comp ref="C21">
      <value>100nF</value>
      <footprint>Capacitor_SMD:C_0603_1608Metric</footprint>
      <libsource lib="Device" part="C" description="Unpolarized capacitor"/>
      <sheetpath names="/" tstamps="/"/>
      <tstamp>611496B0</tstamp>
    </comp>
    <comp ref="C22">
      <value>100nF</value>
      <footprint>Capacitor_SMD:C_0603_1608Metric</footprint>
      <libsource lib="Device" part="C" description="Unpolarized capacitor"/>
      <sheetpath names="/" tstamps="/"/>
      <tstamp>611496B6</tstamp>
    </comp>
    <comp ref="C23">
      <value>100nF</value>
      <footprint>Capacitor_SMD:C_0603_1608Metric</footprint>
      <libsource lib="Device" part="C" description="Unpolarized capacitor"/>
      <sheetpath names="/" tstamps="/"/>
      <tstamp>611496BC</tstamp>
    </comp>
    <comp ref="C24">
      <value>100nF</value>
      <footprint>Capacitor_SMD:C_0603_1608Metric</footprint>
      <libsource lib="Device" part="C" description="Unpolarized capacitor"/>
      <sheetpath names="/" tstamps="/"/>
      <tstamp>611496C2</tstamp>
    </comp>
    <comp ref="C25">
      <value>10uF</value>
      <footprint>Capacitor_SMD:C_0603_1608Metric</footprint>
      <libsource lib="Device" part="C" description="Unpolarized capacitor"/>
      <sheetpath names="/" tstamps="/"/>
      <tstamp>611496C8</tstamp>
    </comp>
    <comp ref="C26">
      <value>10uF</value>
      <footprint>Capacitor_SMD:C_0603_1608Metric</footprint>
      <libsource lib="Device" part="C" description="Unpolarized capacitor"/>
      <sheetpath names="/" tstamps="/"/>
      <tstamp>611496CE</tstamp>
    </comp>
    <comp ref="C27">
      <value>10uF</value>
      <footprint>Capacitor_SMD:C_0603_1608Metric</footprint>
      <libsource lib="Device" part="C" description="Unpolarized capacitor"/>
      <sheetpath names="/" tstamps="/"/>
      <tstamp>611496D4</tstamp>
    </comp>
    <comp ref="C20">
      <value>100nF</value>
      <footprint>Capacitor_SMD:C_0603_1608Metric</footprint>
      <libsource lib="Device" part="C" description="Unpolarized capacitor"/>
      <sheetpath names="/" tstamps="/"/>
      <tstamp>611496DA</tstamp>
    </comp>
    <comp ref="C19">
      <value>100nF</value>
      <footprint>Capacitor_SMD:C_0603_1608Metric</footprint>
      <libsource lib="Device" part="C" description="Unpolarized capacitor"/>
      <sheetpath names="/" tstamps="/"/>
      <tstamp>611496E0</tstamp>
    </comp>
    <comp ref="C3">
      <value>2.2uF</value>
      <footprint>Capacitor_SMD:C_0603_1608Metric</footprint>
      <datasheet>~</datasheet>
      <libsource lib="Device" part="C" description="Unpolarized capacitor"/>
      <sheetpath names="/" tstamps="/"/>
      <tstamp>610AE451</tstamp>
    </comp>
    <comp ref="C4">
      <value>2.2uF</value>
      <footprint>Capacitor_SMD:C_0603_1608Metric</footprint>
      <datasheet>~</datasheet>
      <libsource lib="Device" part="C" description="Unpolarized capacitor"/>
      <sheetpath names="/" tstamps="/"/>
      <tstamp>61114631</tstamp>
    </comp>
    <comp ref="C5">
      <value>100nF</value>
      <footprint>Capacitor_SMD:C_0603_1608Metric</footprint>
      <datasheet>~</datasheet>
      <libsource lib="Device" part="C" description="Unpolarized capacitor"/>
      <sheetpath names="/" tstamps="/"/>
      <tstamp>6113E098</tstamp>
    </comp>
    <comp ref="J1">
      <value>XT-60_female</value>
      <footprint>davenport_kicad_footprints:XT-60</footprint>
      <libsource lib="davenport-kicad" part="XT-60_female" description=""/>
      <sheetpath names="/" tstamps="/"/>
      <tstamp>610340A3</tstamp>
    </comp>
    <comp ref="C31">
      <value>100nF</value>
      <footprint>Capacitor_SMD:C_0603_1608Metric</footprint>
      <datasheet>~</datasheet>
      <libsource lib="Device" part="C" description="Unpolarized capacitor"/>
      <sheetpath names="/" tstamps="/"/>
      <tstamp>610E7A0A</tstamp>
    </comp>
    <comp ref="Y1">
      <value>ECS-TXO-2520MV-500</value>
      <footprint>Oscillator:Oscillator_SMD_Kyocera_KC2520Z-4Pin_2.5x2.0mm</footprint>
      <libsource lib="engine_controller_series3-rescue" part="OSCILLATOR-engine_controller_series3-rescue" description=""/>
      <sheetpath names="/" tstamps="/"/>
      <tstamp>613952E6</tstamp>
    </comp>
    <comp ref="C32">
      <value>100nF</value>
      <footprint>Capacitor_SMD:C_0603_1608Metric</footprint>
      <datasheet>~</datasheet>
      <libsource lib="Device" part="C" description="Unpolarized capacitor"/>
      <sheetpath names="/" tstamps="/"/>
      <tstamp>61513AF5</tstamp>
    </comp>
    <comp ref="Y2">
      <value>ECS-TXO-2520MV-250</value>
      <footprint>Oscillator:Oscillator_SMD_Kyocera_KC2520Z-4Pin_2.5x2.0mm</footprint>
      <libsource lib="engine_controller_series3-rescue" part="OSCILLATOR-engine_controller_series3-rescue" description=""/>
      <sheetpath names="/" tstamps="/"/>
      <tstamp>61513B07</tstamp>
    </comp>
    <comp ref="SW2">
      <value>SW_SPST</value>
      <footprint>davenport_kicad_footprints:SKQGADE010</footprint>
      <datasheet>~</datasheet>
      <libsource lib="Switch" part="SW_SPST" description="Single Pole Single Throw (SPST) switch"/>
      <sheetpath names="/" tstamps="/"/>
      <tstamp>618D4AC7</tstamp>
    </comp>
  </components>
  <libparts>
    <libpart lib="Connector" part="RJ45_Amphenol_RJMG1BD3B8K1ANR">
      <description>1 Port RJ45 Magjack Connector Through Hole 10/100 Base-T, AutoMDIX</description>
      <docs>https://www.amphenolcanada.com/ProductSearch/Drawings/AC/RJMG1BD3B8K1ANR.PDF</docs>
      <footprints>
        <fp>RJ45*Amphenol*RJMG1BD3B8K1ANR*</fp>
      </footprints>
      <fields>
        <field name="Reference">J</field>
        <field name="Value">RJ45_Amphenol_RJMG1BD3B8K1ANR</field>
        <field name="Footprint">Connector_RJ:RJ45_Amphenol_RJMG1BD3B8K1ANR</field>
      </fields>
      <pins>
        <pin num="13" name="SHIELD" type="passive"/>
        <pin num="L1" name="LEDY_A" type="passive"/>
        <pin num="L2" name="LEDY_K" type="passive"/>
        <pin num="L3" name="LEDG_K" type="passive"/>
        <pin num="L4" name="LEDG_A" type="passive"/>
        <pin num="R1" name="TD+" type="passive"/>
        <pin num="R2" name="TD-" type="passive"/>
        <pin num="R3" name="RD+" type="passive"/>
        <pin num="R4" name="TCT" type="passive"/>
        <pin num="R5" name="RCT" type="passive"/>
        <pin num="R6" name="RD-" type="passive"/>
        <pin num="R7" name="NC" type="NotConnected"/>
        <pin num="R8" name="GND" type="power_in"/>
      </pins>
    </libpart>
    <libpart lib="Connector_Generic" part="Conn_02x03_Counter_Clockwise">
      <description>Generic connector, double row, 02x03, counter clockwise pin numbering scheme (similar to DIP packge numbering), script generated (kicad-library-utils/schlib/autogen/connector/)</description>
      <docs>~</docs>
      <footprints>
        <fp>Connector*:*_2x??_*</fp>
      </footprints>
      <fields>
        <field name="Reference">J</field>
        <field name="Value">Conn_02x03_Counter_Clockwise</field>
      </fields>
      <pins>
        <pin num="1" name="Pin_1" type="passive"/>
        <pin num="2" name="Pin_2" type="passive"/>
        <pin num="3" name="Pin_3" type="passive"/>
        <pin num="4" name="Pin_4" type="passive"/>
        <pin num="5" name="Pin_5" type="passive"/>
        <pin num="6" name="Pin_6" type="passive"/>
      </pins>
    </libpart>
    <libpart lib="Device" part="C">
      <description>Unpolarized capacitor</description>
      <docs>~</docs>
      <footprints>
        <fp>C_*</fp>
      </footprints>
      <fields>
        <field name="Reference">C</field>
        <field name="Value">C</field>
      </fields>
      <pins>
        <pin num="1" name="~" type="passive"/>
        <pin num="2" name="~" type="passive"/>
      </pins>
    </libpart>
    <libpart lib="Device" part="Ferrite_Bead_Small">
      <description>Ferrite bead, small symbol</description>
      <docs>~</docs>
      <footprints>
        <fp>Inductor_*</fp>
        <fp>L_*</fp>
        <fp>*Ferrite*</fp>
      </footprints>
      <fields>
        <field name="Reference">FB</field>
        <field name="Value">Ferrite_Bead_Small</field>
      </fields>
      <pins>
        <pin num="1" name="~" type="passive"/>
        <pin num="2" name="~" type="passive"/>
      </pins>
    </libpart>
    <libpart lib="Device" part="LED">
      <description>Light emitting diode</description>
      <docs>~</docs>
      <footprints>
        <fp>LED*</fp>
        <fp>LED_SMD:*</fp>
        <fp>LED_THT:*</fp>
      </footprints>
      <fields>
        <field name="Reference">D</field>
        <field name="Value">LED</field>
      </fields>
      <pins>
        <pin num="1" name="K" type="passive"/>
        <pin num="2" name="A" type="passive"/>
      </pins>
    </libpart>
    <libpart lib="Device" part="R">
      <description>Resistor</description>
      <docs>~</docs>
      <footprints>
        <fp>R_*</fp>
      </footprints>
      <fields>
        <field name="Reference">R</field>
        <field name="Value">R</field>
      </fields>
      <pins>
        <pin num="1" name="~" type="passive"/>
        <pin num="2" name="~" type="passive"/>
      </pins>
    </libpart>
    <libpart lib="MCU_ST_STM32F4" part="STM32F427VGTx">
      <aliases>
        <alias>STM32F427VITx</alias>
      </aliases>
      <description>ARM Cortex-M4 MCU, 1024KB flash, 192KB RAM, 180MHz, 1.8-3.6V, 82 GPIO, LQFP-100</description>
      <docs>http://www.st.com/st-web-ui/static/active/en/resource/technical/document/datasheet/DM00071990.pdf</docs>
      <footprints>
        <fp>LQFP*14x14mm*P0.5mm*</fp>
      </footprints>
      <fields>
        <field name="Reference">U</field>
        <field name="Value">STM32F427VGTx</field>
        <field name="Footprint">Package_QFP:LQFP-100_14x14mm_P0.5mm</field>
      </fields>
      <pins>
        <pin num="1" name="PE2" type="BiDi"/>
        <pin num="2" name="PE3" type="BiDi"/>
        <pin num="3" name="PE4" type="BiDi"/>
        <pin num="4" name="PE5" type="BiDi"/>
        <pin num="5" name="PE6" type="BiDi"/>
        <pin num="6" name="VBAT" type="power_in"/>
        <pin num="7" name="PC13" type="BiDi"/>
        <pin num="8" name="PC14" type="BiDi"/>
        <pin num="9" name="PC15" type="BiDi"/>
        <pin num="10" name="VSS" type="power_in"/>
        <pin num="11" name="VDD" type="power_in"/>
        <pin num="12" name="PH0" type="input"/>
        <pin num="13" name="PH1" type="input"/>
        <pin num="14" name="NRST" type="input"/>
        <pin num="15" name="PC0" type="BiDi"/>
        <pin num="16" name="PC1" type="BiDi"/>
        <pin num="17" name="PC2" type="BiDi"/>
        <pin num="18" name="PC3" type="BiDi"/>
        <pin num="19" name="VDD" type="power_in"/>
        <pin num="20" name="VSSA" type="power_in"/>
        <pin num="21" name="VREF+" type="power_in"/>
        <pin num="22" name="VDDA" type="power_in"/>
        <pin num="23" name="PA0" type="BiDi"/>
        <pin num="24" name="PA1" type="BiDi"/>
        <pin num="25" name="PA2" type="BiDi"/>
        <pin num="26" name="PA3" type="BiDi"/>
        <pin num="27" name="VSS" type="power_in"/>
        <pin num="28" name="VDD" type="power_in"/>
        <pin num="29" name="PA4" type="BiDi"/>
        <pin num="30" name="PA5" type="BiDi"/>
        <pin num="31" name="PA6" type="BiDi"/>
        <pin num="32" name="PA7" type="BiDi"/>
        <pin num="33" name="PC4" type="BiDi"/>
        <pin num="34" name="PC5" type="BiDi"/>
        <pin num="35" name="PB0" type="BiDi"/>
        <pin num="36" name="PB1" type="BiDi"/>
        <pin num="37" name="PB2" type="BiDi"/>
        <pin num="38" name="PE7" type="BiDi"/>
        <pin num="39" name="PE8" type="BiDi"/>
        <pin num="40" name="PE9" type="BiDi"/>
        <pin num="41" name="PE10" type="BiDi"/>
        <pin num="42" name="PE11" type="BiDi"/>
        <pin num="43" name="PE12" type="BiDi"/>
        <pin num="44" name="PE13" type="BiDi"/>
        <pin num="45" name="PE14" type="BiDi"/>
        <pin num="46" name="PE15" type="BiDi"/>
        <pin num="47" name="PB10" type="BiDi"/>
        <pin num="48" name="PB11" type="BiDi"/>
        <pin num="49" name="VCAP_1" type="power_in"/>
        <pin num="50" name="VDD" type="power_in"/>
        <pin num="51" name="PB12" type="BiDi"/>
        <pin num="52" name="PB13" type="BiDi"/>
        <pin num="53" name="PB14" type="BiDi"/>
        <pin num="54" name="PB15" type="BiDi"/>
        <pin num="55" name="PD8" type="BiDi"/>
        <pin num="56" name="PD9" type="BiDi"/>
        <pin num="57" name="PD10" type="BiDi"/>
        <pin num="58" name="PD11" type="BiDi"/>
        <pin num="59" name="PD12" type="BiDi"/>
        <pin num="60" name="PD13" type="BiDi"/>
        <pin num="61" name="PD14" type="BiDi"/>
        <pin num="62" name="PD15" type="BiDi"/>
        <pin num="63" name="PC6" type="BiDi"/>
        <pin num="64" name="PC7" type="BiDi"/>
        <pin num="65" name="PC8" type="BiDi"/>
        <pin num="66" name="PC9" type="BiDi"/>
        <pin num="67" name="PA8" type="BiDi"/>
        <pin num="68" name="PA9" type="BiDi"/>
        <pin num="69" name="PA10" type="BiDi"/>
        <pin num="70" name="PA11" type="BiDi"/>
        <pin num="71" name="PA12" type="BiDi"/>
        <pin num="72" name="PA13" type="BiDi"/>
        <pin num="73" name="VCAP_2" type="power_in"/>
        <pin num="74" name="VSS" type="power_in"/>
        <pin num="75" name="VDD" type="power_in"/>
        <pin num="76" name="PA14" type="BiDi"/>
        <pin num="77" name="PA15" type="BiDi"/>
        <pin num="78" name="PC10" type="BiDi"/>
        <pin num="79" name="PC11" type="BiDi"/>
        <pin num="80" name="PC12" type="BiDi"/>
        <pin num="81" name="PD0" type="BiDi"/>
        <pin num="82" name="PD1" type="BiDi"/>
        <pin num="83" name="PD2" type="BiDi"/>
        <pin num="84" name="PD3" type="BiDi"/>
        <pin num="85" name="PD4" type="BiDi"/>
        <pin num="86" name="PD5" type="BiDi"/>
        <pin num="87" name="PD6" type="BiDi"/>
        <pin num="88" name="PD7" type="BiDi"/>
        <pin num="89" name="PB3" type="BiDi"/>
        <pin num="90" name="PB4" type="BiDi"/>
        <pin num="91" name="PB5" type="BiDi"/>
        <pin num="92" name="PB6" type="BiDi"/>
        <pin num="93" name="PB7" type="BiDi"/>
        <pin num="94" name="BOOT0" type="input"/>
        <pin num="95" name="PB8" type="BiDi"/>
        <pin num="96" name="PB9" type="BiDi"/>
        <pin num="97" name="PE0" type="BiDi"/>
        <pin num="98" name="PE1" type="BiDi"/>
        <pin num="99" name="VSS" type="power_in"/>
        <pin num="100" name="VDD" type="power_in"/>
      </pins>
    </libpart>
    <libpart lib="Switch" part="SW_SPST">
      <description>Single Pole Single Throw (SPST) switch</description>
      <docs>~</docs>
      <fields>
        <field name="Reference">SW</field>
        <field name="Value">SW_SPST</field>
      </fields>
      <pins>
        <pin num="1" name="A" type="passive"/>
        <pin num="2" name="B" type="passive"/>
      </pins>
    </libpart>
    <libpart lib="davenport-kicad" part="LAN8742A">
      <docs>http://ww1.microchip.com/downloads/en/DeviceDoc/8742a.pdf</docs>
      <fields>
        <field name="Reference">U</field>
        <field name="Value">LAN8742A</field>
        <field name="Footprint">Package_DFN_QFN:QFN-24-1EP_4x4mm_P0.5mm_EP2.6x2.6mm</field>
      </fields>
      <pins>
        <pin num="1" name="VDD2A" type="input"/>
        <pin num="2" name="LED2/nINT/nPME/nINTSEL" type="input"/>
        <pin num="3" name="LED1/nINT/nPME/REGOFF" type="input"/>
        <pin num="4" name="XTAL2" type="input"/>
        <pin num="5" name="XTAL1/CLKIN" type="input"/>
        <pin num="6" name="VDDCR" type="input"/>
        <pin num="7" name="RXD1/MODE1" type="input"/>
        <pin num="8" name="RXD0/MODE0" type="input"/>
        <pin num="9" name="VDDIO" type="input"/>
        <pin num="10" name="RXER/PHYAD0" type="input"/>
        <pin num="11" name="CRS_DV/MODE2" type="input"/>
        <pin num="12" name="MDIO" type="input"/>
        <pin num="13" name="MDC" type="input"/>
        <pin num="14" name="nINT/REFCLKO" type="input"/>
        <pin num="15" name="nRST" type="input"/>
        <pin num="16" name="TXEN" type="output"/>
        <pin num="17" name="TXD0" type="output"/>
        <pin num="18" name="TXD1" type="output"/>
        <pin num="19" name="VDD1A" type="input"/>
        <pin num="20" name="TXN" type="input"/>
        <pin num="21" name="TXP" type="input"/>
        <pin num="22" name="RXN" type="input"/>
        <pin num="23" name="RXP" type="input"/>
        <pin num="24" name="RBIAS" type="input"/>
        <pin num="25" name="VSS" type="input"/>
      </pins>
    </libpart>
    <libpart lib="davenport-kicad" part="XT-60_female">
      <fields>
        <field name="Reference">J</field>
        <field name="Value">XT-60_female</field>
      </fields>
      <pins>
        <pin num="1" name="~" type="power_out"/>
        <pin num="2" name="~" type="power_out"/>
      </pins>
    </libpart>
    <libpart lib="engine_controller_series3-rescue" part="OSCILLATOR-engine_controller_series3-rescue">
      <fields>
        <field name="Reference">U</field>
        <field name="Value">OSCILLATOR-engine_controller_series3-rescue</field>
      </fields>
      <pins>
        <pin num="1" name="EN" type="input"/>
        <pin num="2" name="GND" type="input"/>
        <pin num="3" name="OUT" type="input"/>
        <pin num="4" name="VCC" type="input"/>
      </pins>
    </libpart>
    <libpart lib="future-controller-rescue" part="MountingHole-engine_controller_series3-rescue-engine_controller_series3-rescue-flight_ec-rescue">
      <fields>
        <field name="Reference">MH</field>
        <field name="Value">MountingHole-engine_controller_series3-rescue-engine_controller_series3-rescue-flight_ec-rescue</field>
      </fields>
      <pins>
        <pin num="1" name="GND" type="input"/>
      </pins>
    </libpart>
    <libpart lib="future-controller-rescue" part="TL1963A-33DCYR-engine_controller_series3-rescue-engine_controller_series3-rescue-flight_ec-rescue">
      <fields>
        <field name="Reference">U</field>
        <field name="Value">TL1963A-33DCYR-engine_controller_series3-rescue-engine_controller_series3-rescue-flight_ec-rescue</field>
      </fields>
      <pins>
        <pin num="1" name="VIN" type="input"/>
        <pin num="2" name="GND" type="input"/>
        <pin num="3" name="OUT" type="input"/>
        <pin num="4" name="TAB" type="input"/>
      </pins>
    </libpart>
  </libparts>
  <libraries>
    <library logical="Connector">
      <uri>C:\Program Files\KiCad\share\kicad\library/Connector.lib</uri>
    </library>
    <library logical="Connector_Generic">
      <uri>C:\Program Files\KiCad\share\kicad\library/Connector_Generic.lib</uri>
    </library>
    <library logical="Device">
      <uri>C:\Program Files\KiCad\share\kicad\library/Device.lib</uri>
    </library>
    <library logical="MCU_ST_STM32F4">
      <uri>C:\Program Files\KiCad\share\kicad\library/MCU_ST_STM32F4.lib</uri>
    </library>
    <library logical="Switch">
      <uri>C:\Program Files\KiCad\share\kicad\library/Switch.lib</uri>
    </library>
    <library logical="davenport-kicad">
      <uri>D:/OneDrive/Documents/3_DesignTeams/masa/personal kicad libraries/davenport-kicad.lib</uri>
    </library>
    <library logical="engine_controller_series3-rescue">
      <uri>D:/OneDrive/Documents/3_DesignTeams/masa/personal kicad libraries/engine_controller_series3-rescue.lib</uri>
    </library>
    <library logical="future-controller-rescue">
      <uri>D:\OneDrive\Documents\3_DesignTeams\masa\ethernet-board\board/future-controller-rescue.lib</uri>
    </library>
  </libraries>
  <nets>
    <net code="1" name="+3V3">
      <node ref="C32" pin="1"/>
      <node ref="Y2" pin="1"/>
      <node ref="R24" pin="2"/>
      <node ref="C28" pin="1"/>
      <node ref="C29" pin="1"/>
      <node ref="C30" pin="1"/>
      <node ref="C31" pin="1"/>
      <node ref="Y1" pin="1"/>
      <node ref="Y1" pin="4"/>
      <node ref="Y2" pin="4"/>
      <node ref="U2" pin="21"/>
      <node ref="U2" pin="6"/>
      <node ref="U1" pin="3"/>
      <node ref="C2" pin="1"/>
      <node ref="SW1" pin="1"/>
      <node ref="R6" pin="2"/>
      <node ref="U2" pin="22"/>
      <node ref="C7" pin="1"/>
      <node ref="R13" pin="1"/>
      <node ref="U3" pin="9"/>
      <node ref="FB1" pin="2"/>
      <node ref="C5" pin="1"/>
      <node ref="U2" pin="100"/>
      <node ref="U2" pin="11"/>
      <node ref="U2" pin="19"/>
      <node ref="U2" pin="28"/>
      <node ref="U2" pin="50"/>
      <node ref="U2" pin="75"/>
      <node ref="C19" pin="2"/>
      <node ref="C22" pin="2"/>
      <node ref="C20" pin="2"/>
      <node ref="C21" pin="2"/>
      <node ref="C26" pin="2"/>
      <node ref="R8" pin="1"/>
      <node ref="C27" pin="2"/>
      <node ref="C23" pin="2"/>
      <node ref="C25" pin="2"/>
      <node ref="C24" pin="2"/>
      <node ref="J3" pin="5"/>
    </net>
    <net code="2" name="SWDIO">
      <node ref="J3" pin="1"/>
      <node ref="U2" pin="72"/>
    </net>
    <net code="3" name="SWCLK">
      <node ref="J3" pin="2"/>
      <node ref="U2" pin="76"/>
    </net>
    <net code="4" name="NRST">
      <node ref="C11" pin="2"/>
      <node ref="J3" pin="3"/>
      <node ref="U2" pin="14"/>
      <node ref="R8" pin="2"/>
      <node ref="SW2" pin="2"/>
    </net>
    <net code="5" name="SWO">
      <node ref="J3" pin="6"/>
      <node ref="U2" pin="89"/>
    </net>
    <net code="6" name="LED0_gpio">
      <node ref="R1" pin="2"/>
      <node ref="U2" pin="65"/>
    </net>
    <net code="7" name="Net-(D1-Pad2)">
      <node ref="D1" pin="2"/>
      <node ref="R1" pin="1"/>
    </net>
    <net code="8" name="LED1_gpio">
      <node ref="R2" pin="2"/>
      <node ref="U2" pin="64"/>
    </net>
    <net code="9" name="Net-(D2-Pad2)">
      <node ref="D2" pin="2"/>
      <node ref="R2" pin="1"/>
    </net>
    <net code="10" name="GND">
      <node ref="C21" pin="1"/>
      <node ref="C17" pin="2"/>
      <node ref="C7" pin="2"/>
      <node ref="C10" pin="2"/>
      <node ref="C9" pin="2"/>
      <node ref="C8" pin="2"/>
      <node ref="C4" pin="2"/>
      <node ref="C25" pin="1"/>
      <node ref="C24" pin="1"/>
      <node ref="C26" pin="1"/>
      <node ref="C27" pin="1"/>
      <node ref="C23" pin="1"/>
      <node ref="C18" pin="2"/>
      <node ref="C3" pin="2"/>
      <node ref="C20" pin="1"/>
      <node ref="C22" pin="1"/>
      <node ref="C5" pin="2"/>
      <node ref="C19" pin="1"/>
      <node ref="U1" pin="4"/>
      <node ref="U1" pin="2"/>
      <node ref="D2" pin="1"/>
      <node ref="MH1" pin="1"/>
      <node ref="MH2" pin="1"/>
      <node ref="MH3" pin="1"/>
      <node ref="MH4" pin="1"/>
      <node ref="U2" pin="94"/>
      <node ref="R7" pin="2"/>
      <node ref="C6" pin="2"/>
      <node ref="C1" pin="2"/>
      <node ref="C2" pin="2"/>
      <node ref="C11" pin="1"/>
      <node ref="D6" pin="1"/>
      <node ref="J2" pin="13"/>
      <node ref="U2" pin="20"/>
      <node ref="U2" pin="74"/>
      <node ref="U2" pin="27"/>
      <node ref="U2" pin="10"/>
      <node ref="U2" pin="99"/>
      <node ref="D1" pin="1"/>
      <node ref="D4" pin="1"/>
      <node ref="C31" pin="2"/>
      <node ref="J1" pin="2"/>
      <node ref="J2" pin="R8"/>
      <node ref="U3" pin="25"/>
      <node ref="C14" pin="2"/>
      <node ref="R20" pin="2"/>
      <node ref="Y1" pin="2"/>
      <node ref="R22" pin="2"/>
      <node ref="C13" pin="2"/>
      <node ref="C15" pin="2"/>
      <node ref="C16" pin="2"/>
      <node ref="C28" pin="2"/>
      <node ref="C12" pin="2"/>
      <node ref="C30" pin="2"/>
      <node ref="R21" pin="2"/>
      <node ref="C29" pin="2"/>
      <node ref="C32" pin="2"/>
      <node ref="J3" pin="4"/>
      <node ref="SW2" pin="1"/>
      <node ref="D3" pin="1"/>
      <node ref="R23" pin="2"/>
      <node ref="Y2" pin="2"/>
      <node ref="D5" pin="1"/>
    </net>
    <net code="11" name="LED2_gpio">
      <node ref="R3" pin="2"/>
      <node ref="U2" pin="63"/>
    </net>
    <net code="12" name="Net-(D3-Pad2)">
      <node ref="D3" pin="2"/>
      <node ref="R3" pin="1"/>
    </net>
    <net code="13" name="LED3_gpio">
      <node ref="U2" pin="62"/>
      <node ref="R5" pin="2"/>
    </net>
    <net code="14" name="Net-(D5-Pad2)">
      <node ref="D5" pin="2"/>
      <node ref="R5" pin="1"/>
    </net>
    <net code="15" name="Net-(J2-PadL2)">
      <node ref="R22" pin="1"/>
      <node ref="J2" pin="L2"/>
    </net>
    <net code="16" name="/LED2">
      <node ref="J2" pin="L1"/>
      <node ref="U3" pin="2"/>
      <node ref="R20" pin="1"/>
    </net>
    <net code="17" name="/LED1">
      <node ref="U3" pin="3"/>
      <node ref="J2" pin="L4"/>
    </net>
    <net code="18" name="Net-(J2-PadL3)">
      <node ref="R21" pin="1"/>
      <node ref="J2" pin="L3"/>
    </net>
    <net code="19" name="Net-(R24-Pad1)">
      <node ref="R24" pin="1"/>
      <node ref="U3" pin="15"/>
    </net>
    <net code="20" name="Net-(U3-Pad10)">
      <node ref="U3" pin="10"/>
    </net>
    <net code="21" name="Net-(R16-Pad1)">
      <node ref="U3" pin="16"/>
      <node ref="R16" pin="1"/>
    </net>
    <net code="22" name="Net-(R14-Pad1)">
      <node ref="U3" pin="17"/>
      <node ref="R14" pin="1"/>
    </net>
    <net code="23" name="Net-(R15-Pad1)">
      <node ref="U3" pin="18"/>
      <node ref="R15" pin="1"/>
    </net>
    <net code="24" name="Net-(R19-Pad1)">
      <node ref="U3" pin="14"/>
      <node ref="R19" pin="1"/>
    </net>
    <net code="25" name="Net-(R18-Pad1)">
      <node ref="R18" pin="1"/>
      <node ref="U3" pin="7"/>
    </net>
    <net code="26" name="Net-(R17-Pad1)">
      <node ref="U3" pin="8"/>
      <node ref="R17" pin="1"/>
    </net>
    <net code="27" name="+12V">
      <node ref="R4" pin="2"/>
      <node ref="U1" pin="1"/>
      <node ref="J1" pin="1"/>
      <node ref="C1" pin="1"/>
    </net>
    <net code="28" name="Net-(C4-Pad1)">
      <node ref="U2" pin="73"/>
      <node ref="C4" pin="1"/>
    </net>
    <net code="29" name="Net-(C3-Pad1)">
      <node ref="U2" pin="49"/>
      <node ref="C3" pin="1"/>
    </net>
    <net code="30" name="/25MHZ_CLK">
      <node ref="Y2" pin="3"/>
      <node ref="U3" pin="5"/>
    </net>
    <net code="31" name="Net-(U3-Pad4)">
      <node ref="U3" pin="4"/>
    </net>
    <net code="32" name="/50MHZ_CLK">
      <node ref="U2" pin="12"/>
      <node ref="Y1" pin="3"/>
    </net>
    <net code="33" name="BOOT_CHARGE">
      <node ref="U2" pin="69"/>
      <node ref="U2" pin="70"/>
      <node ref="C6" pin="1"/>
      <node ref="SW1" pin="2"/>
      <node ref="R7" pin="1"/>
    </net>
    <net code="34" name="Net-(U2-Pad66)">
      <node ref="U2" pin="66"/>
    </net>
    <net code="35" name="Net-(U2-Pad79)">
      <node ref="U2" pin="79"/>
    </net>
    <net code="36" name="Net-(U2-Pad80)">
      <node ref="U2" pin="80"/>
    </net>
    <net code="37" name="Net-(U2-Pad7)">
      <node ref="U2" pin="7"/>
    </net>
    <net code="38" name="Net-(U2-Pad8)">
      <node ref="U2" pin="8"/>
    </net>
    <net code="39" name="Net-(U2-Pad9)">
      <node ref="U2" pin="9"/>
    </net>
    <net code="40" name="Net-(U2-Pad17)">
      <node ref="U2" pin="17"/>
    </net>
    <net code="41" name="Net-(U2-Pad18)">
      <node ref="U2" pin="18"/>
    </net>
    <net code="42" name="RXD0">
      <node ref="U2" pin="33"/>
      <node ref="R17" pin="2"/>
    </net>
    <net code="43" name="RXD1">
      <node ref="U2" pin="34"/>
      <node ref="R18" pin="2"/>
    </net>
    <net code="44" name="Net-(U2-Pad78)">
      <node ref="U2" pin="78"/>
    </net>
    <net code="45" name="Net-(U2-Pad81)">
      <node ref="U2" pin="81"/>
    </net>
    <net code="46" name="Net-(U2-Pad82)">
      <node ref="U2" pin="82"/>
    </net>
    <net code="47" name="Net-(U2-Pad57)">
      <node ref="U2" pin="57"/>
    </net>
    <net code="48" name="Net-(U2-Pad58)">
      <node ref="U2" pin="58"/>
    </net>
    <net code="49" name="Net-(U2-Pad59)">
      <node ref="U2" pin="59"/>
    </net>
    <net code="50" name="Net-(U2-Pad60)">
      <node ref="U2" pin="60"/>
    </net>
    <net code="51" name="Net-(U2-Pad61)">
      <node ref="U2" pin="61"/>
    </net>
    <net code="52" name="Net-(U2-Pad83)">
      <node ref="U2" pin="83"/>
    </net>
    <net code="53" name="Net-(U2-Pad84)">
      <node ref="U2" pin="84"/>
    </net>
    <net code="54" name="Net-(U2-Pad85)">
      <node ref="U2" pin="85"/>
    </net>
    <net code="55" name="Net-(U2-Pad53)">
      <node ref="U2" pin="53"/>
    </net>
    <net code="56" name="Net-(U2-Pad29)">
      <node ref="U2" pin="29"/>
    </net>
    <net code="57" name="Net-(U2-Pad30)">
      <node ref="U2" pin="30"/>
    </net>
    <net code="58" name="Net-(U2-Pad31)">
      <node ref="U2" pin="31"/>
    </net>
    <net code="59" name="CRS_DV">
      <node ref="U3" pin="11"/>
      <node ref="U2" pin="32"/>
    </net>
    <net code="60" name="Net-(U2-Pad67)">
      <node ref="U2" pin="67"/>
    </net>
    <net code="61" name="Net-(U2-Pad68)">
      <node ref="U2" pin="68"/>
    </net>
    <net code="62" name="Net-(U2-Pad35)">
      <node ref="U2" pin="35"/>
    </net>
    <net code="63" name="Net-(U2-Pad36)">
      <node ref="U2" pin="36"/>
    </net>
    <net code="64" name="Net-(U2-Pad47)">
      <node ref="U2" pin="47"/>
    </net>
    <net code="65" name="TXEN">
      <node ref="R16" pin="2"/>
      <node ref="U2" pin="48"/>
    </net>
    <net code="66" name="TXD0">
      <node ref="R14" pin="2"/>
      <node ref="U2" pin="51"/>
    </net>
    <net code="67" name="TXD1">
      <node ref="R15" pin="2"/>
      <node ref="U2" pin="52"/>
    </net>
    <net code="68" name="Net-(U2-Pad86)">
      <node ref="U2" pin="86"/>
    </net>
    <net code="69" name="Net-(U2-Pad54)">
      <node ref="U2" pin="54"/>
    </net>
    <net code="70" name="Net-(U2-Pad37)">
      <node ref="U2" pin="37"/>
    </net>
    <net code="71" name="Net-(U2-Pad90)">
      <node ref="U2" pin="90"/>
    </net>
    <net code="72" name="Net-(U2-Pad91)">
      <node ref="U2" pin="91"/>
    </net>
    <net code="73" name="Net-(U2-Pad92)">
      <node ref="U2" pin="92"/>
    </net>
    <net code="74" name="Net-(U2-Pad93)">
      <node ref="U2" pin="93"/>
    </net>
    <net code="75" name="Net-(U2-Pad95)">
      <node ref="U2" pin="95"/>
    </net>
    <net code="76" name="Net-(U2-Pad96)">
      <node ref="U2" pin="96"/>
    </net>
    <net code="77" name="Net-(U2-Pad15)">
      <node ref="U2" pin="15"/>
    </net>
    <net code="78" name="MDC">
      <node ref="U2" pin="16"/>
      <node ref="U3" pin="13"/>
    </net>
    <net code="79" name="Net-(U2-Pad46)">
      <node ref="U2" pin="46"/>
    </net>
    <net code="80" name="Net-(U2-Pad87)">
      <node ref="U2" pin="87"/>
    </net>
    <net code="81" name="Net-(U2-Pad88)">
      <node ref="U2" pin="88"/>
    </net>
    <net code="82" name="Net-(U2-Pad55)">
      <node ref="U2" pin="55"/>
    </net>
    <net code="83" name="Net-(U2-Pad56)">
      <node ref="U2" pin="56"/>
    </net>
    <net code="84" name="Net-(U2-Pad97)">
      <node ref="U2" pin="97"/>
    </net>
    <net code="85" name="Net-(U2-Pad98)">
      <node ref="U2" pin="98"/>
    </net>
    <net code="86" name="Net-(U2-Pad41)">
      <node ref="U2" pin="41"/>
    </net>
    <net code="87" name="Net-(U2-Pad42)">
      <node ref="U2" pin="42"/>
    </net>
    <net code="88" name="Net-(U2-Pad43)">
      <node ref="U2" pin="43"/>
    </net>
    <net code="89" name="Net-(U2-Pad44)">
      <node ref="U2" pin="44"/>
    </net>
    <net code="90" name="Net-(U2-Pad45)">
      <node ref="U2" pin="45"/>
    </net>
    <net code="91" name="Net-(U2-Pad26)">
      <node ref="U2" pin="26"/>
    </net>
    <net code="92" name="Net-(U2-Pad1)">
      <node ref="U2" pin="1"/>
    </net>
    <net code="93" name="Net-(U2-Pad2)">
      <node ref="U2" pin="2"/>
    </net>
    <net code="94" name="Net-(U2-Pad3)">
      <node ref="U2" pin="3"/>
    </net>
    <net code="95" name="Net-(U2-Pad4)">
      <node ref="U2" pin="4"/>
    </net>
    <net code="96" name="Net-(U2-Pad5)">
      <node ref="U2" pin="5"/>
    </net>
    <net code="97" name="Net-(U2-Pad38)">
      <node ref="U2" pin="38"/>
    </net>
    <net code="98" name="Net-(U2-Pad39)">
      <node ref="U2" pin="39"/>
    </net>
    <net code="99" name="Net-(U2-Pad40)">
      <node ref="U2" pin="40"/>
    </net>
    <net code="100" name="Net-(U2-Pad13)">
      <node ref="U2" pin="13"/>
    </net>
    <net code="101" name="Net-(U2-Pad23)">
      <node ref="U2" pin="23"/>
    </net>
    <net code="102" name="REFCLK">
      <node ref="U2" pin="24"/>
      <node ref="R19" pin="2"/>
    </net>
    <net code="103" name="Net-(U2-Pad71)">
      <node ref="U2" pin="71"/>
    </net>
    <net code="104" name="Net-(U2-Pad77)">
      <node ref="U2" pin="77"/>
    </net>
    <net code="105" name="MDIO">
      <node ref="U3" pin="12"/>
      <node ref="R13" pin="2"/>
      <node ref="U2" pin="25"/>
    </net>
    <net code="106" name="Net-(D6-Pad2)">
      <node ref="D6" pin="2"/>
      <node ref="R6" pin="1"/>
    </net>
    <net code="107" name="Net-(D4-Pad2)">
      <node ref="D4" pin="2"/>
      <node ref="R4" pin="1"/>
    </net>
    <net code="108" name="Net-(C17-Pad1)">
      <node ref="C17" pin="1"/>
      <node ref="U3" pin="6"/>
      <node ref="C18" pin="1"/>
    </net>
    <net code="109" name="Net-(R23-Pad1)">
      <node ref="U3" pin="24"/>
      <node ref="R23" pin="1"/>
    </net>
    <net code="110" name="Net-(J2-PadR7)">
      <node ref="J2" pin="R7"/>
    </net>
    <net code="111" name="/TX_P">
      <node ref="J2" pin="R1"/>
      <node ref="R9" pin="2"/>
      <node ref="U3" pin="21"/>
      <node ref="C12" pin="1"/>
    </net>
    <net code="112" name="/RX_P">
      <node ref="J2" pin="R3"/>
      <node ref="U3" pin="23"/>
      <node ref="C13" pin="1"/>
      <node ref="R11" pin="2"/>
    </net>
    <net code="113" name="/TX_N">
      <node ref="U3" pin="20"/>
      <node ref="J2" pin="R2"/>
      <node ref="C15" pin="1"/>
      <node ref="R10" pin="2"/>
    </net>
    <net code="114" name="/VDDA">
      <node ref="R12" pin="1"/>
      <node ref="R10" pin="1"/>
      <node ref="R11" pin="1"/>
      <node ref="J2" pin="R5"/>
      <node ref="J2" pin="R4"/>
      <node ref="R9" pin="1"/>
      <node ref="C10" pin="1"/>
      <node ref="FB1" pin="1"/>
      <node ref="C9" pin="1"/>
      <node ref="U3" pin="1"/>
      <node ref="C8" pin="1"/>
      <node ref="C14" pin="1"/>
      <node ref="U3" pin="19"/>
    </net>
    <net code="115" name="/RX_N">
      <node ref="J2" pin="R6"/>
      <node ref="U3" pin="22"/>
      <node ref="R12" pin="2"/>
      <node ref="C16" pin="1"/>
    </net>
  </nets>
</export>
